kind,name,market,n,global_qlike,market_qlike,partial_qlike,partial_minus_global,partial_global_ci_025,partial_global_ci_975,partial_minus_market,partial_market_ci_025,partial_market_ci_975
symbol,GOOGL,us,198,0.24399578036680847,0.24515681703564274,0.24515507160999528,0.0011592912431867884,-0.0012317764888889748,0.004326766318092222,-1.7454256474479502e-06,-6.906105725235875e-06,5.649359210279556e-06
symbol,NVDA,us,198,0.11157191442503704,0.11293602917131706,0.11293899948603779,0.001367085061000735,0.0006937270911705094,0.0028880113431159894,2.9703147207247966e-06,-7.151137814703104e-07,7.75293539893576e-06
symbol,QQQ,us,198,0.18182471289278965,0.1839059240720447,0.18390780534397524,0.00208309245118566,-0.00023673157242996165,0.004117159436729606,1.8812719305817415e-06,-3.405895451113354e-06,5.9620965652746405e-06
symbol,TSM,us,198,0.15701312440323714,0.16012838046864497,0.16013393874336343,0.003120814340126265,0.000918341701930972,0.00601399351493838,5.558274718449792e-06,7.724901438589799e-07,1.1468976649019764e-05
symbol,2330,taiwan,191,0.1420074757484492,0.1406789735608772,0.1406803672894315,-0.001327108459017715,-0.0054675049151682075,0.0027691746577696804,1.393728554308126e-06,-1.80141754929435e-06,4.561147610204176e-06
symbol,2317,taiwan,191,0.16122943744734775,0.1683804993645225,0.16837313462701423,0.007143697179666421,-0.0001681648865847538,0.014092044484847566,-7.364737508311944e-06,-1.377606247502633e-05,-2.0796447090025642e-06
symbol,2454,taiwan,123,0.15692855715441897,0.15548481805938025,0.15548495381025712,-0.00144360334416186,-0.0026866678410970863,-0.0007004736118438611,1.3575087685935837e-07,-6.852275679286049e-06,5.688881379369702e-06
scope,overall,all,202,0.16596022401950786,0.1678940424238591,0.16789436369153946,0.0019341396720316294,0.0010128925572673005,0.0032465210883696337,3.212676803658613e-07,-1.7761894097083966e-06,2.5545891367856676e-06
scope,us,us,198,0.1736013830219681,0.17553178768691238,0.17553395379584297,0.0019325707738748648,0.0007587081508719399,0.0034481482395126188,2.166108930578777e-06,-3.0416597739035034e-07,5.3705005862703745e-06
scope,taiwan,taiwan,191,0.1569994889815058,0.15913064882245645,0.15912807063197337,0.0021285816504675666,-0.0010773883670347829,0.005594048210777256,-2.578190483069616e-06,-5.277497197002632e-06,-6.782962291702195e-08
