fold,start,end,scope,n_dates,global_qlike,market_qlike,partial_qlike,market_minus_global,market_global_ci_025,market_global_ci_975,partial_minus_global,partial_global_ci_025,partial_global_ci_975,partial_minus_market,partial_market_ci_025,partial_market_ci_975
F1,2024-12-02,2025-03-31,overall,85,0.3572851942423204,0.3642701388275346,0.3642731273430186,0.006984944585214119,-0.0012284572813913476,0.015575235083689493,0.006987933100698101,-0.0012311860118417938,0.01558464643575372,2.9885154839823073e-06,-6.013370777158272e-06,9.678357313866345e-06
F1,2024-12-02,2025-03-31,us,81,0.38080862086103234,0.38911394757305334,0.38911881006688476,0.008305326712020987,-0.0038637494084133943,0.02090979879605187,0.00831018920585241,-0.003871008347146827,0.02092247763635456,4.862493831423481e-06,-8.343465793251868e-06,1.2205514541926249e-05
F1,2024-12-02,2025-03-31,taiwan,77,0.2921761932407059,0.2951393990501698,0.29513667683064054,0.0029632058094638757,-0.003364401814221886,0.003621125372396616,0.00296048358993465,-0.003359965426019415,0.0036188568203054895,-2.722219529225105e-06,-7.639454570853992e-06,2.2517125560113797e-06
F2,2025-04-01,2025-07-31,overall,88,0.30282165874576145,0.30141660674270165,0.3014105174143084,-0.0014050520030597757,-0.005018148669576028,0.004960910151495151,-0.0014111413314529613,-0.005026942445928045,0.004957183591248976,-6.089328393185632e-06,-1.2172173458579753e-05,2.3052878045006227e-06
F2,2025-04-01,2025-07-31,us,84,0.30764074433608185,0.30780976076521593,0.30780818058391535,0.00016901642913415282,-0.006575208903127849,0.0030985642265218866,0.0001674362478335496,-0.0065834201251054195,0.003103678020359901,-1.5801813006032017e-06,-9.472287018209665e-06,5.736847311534144e-06
F2,2025-04-01,2025-07-31,taiwan,84,0.3047506933213513,0.30438623085308375,0.30437855554833765,-0.0003644624682674964,-0.004553636572641112,0.020271378598281233,-0.00037213777301356617,-0.0045586030318266624,0.020258963060398837,-7.67530474606721e-06,-1.2786261495002207e-05,-4.4514015289605503e-07
F3,2025-08-01,2025-12-03,overall,89,0.17931443946792472,0.1825613252708102,0.1825612220097888,0.0032468858028855126,0.0024111679738983696,0.005745928922094712,0.003246782541864117,0.002409471150853781,0.005746641584154546,-1.0326102139473953e-07,-2.966976090107342e-06,3.163703171967577e-06
F3,2025-08-01,2025-12-03,us,87,0.2439194438410296,0.24976484599601523,0.24976707807649687,0.005845402154985589,0.004793646376609023,0.010226066150023874,0.00584763423546727,0.004795056584951944,0.010231299936909867,2.2320804816799095e-06,-3.0503126812162956e-07,6.1757840416840564e-06
F3,2025-08-01,2025-12-03,taiwan,85,0.08783288805130272,0.08768264043197131,0.08768053693630654,-0.00015024761933139566,-0.0013415077819701022,0.0005817341319235666,-0.0001523511149961771,-0.001346153692862778,0.0005794327600709975,-2.103495664781613e-06,-5.034798646396771e-06,5.690446329276147e-07
F4,2025-12-04,end,overall,202,0.1659768419989238,0.16792148373061344,0.16792180100094195,0.0019446417316896418,0.001024297850194224,0.003258198743332571,0.0019449590020181177,0.001025328078488807,0.003257195995797833,3.1727032847598705e-07,-1.7835410720418803e-06,2.554593500884343e-06
F4,2025-12-04,end,us,198,0.17360874024261083,0.17553178768691238,0.1755339601361737,0.001923047444301499,0.0007495912580606782,0.003433529669737305,0.0019252198935628202,0.0007507753266412945,0.0034379168058796677,2.172449261321247e-06,-2.963588908939687e-07,5.37873157579205e-06
F4,2025-12-04,end,taiwan,191,0.15703161971097412,0.1592169895694477,0.15921439771763535,0.002185369858473524,-0.0010268890117213327,0.005691294723079849,0.002182778006661196,-0.001028973095285886,0.005687619113902927,-2.5918518123271527e-06,-5.307552281344942e-06,-8.536192255172659e-08
