kind,name,market,n,global_qlike,market_qlike,market_minus_global,ci_025,ci_975
symbol,GOOGL,us,198,0.24399578036680847,0.24515681703564274,0.0011610366688342363,-0.0012276300823686717,0.004320937525251963
symbol,NVDA,us,198,0.11157191442503704,0.11293602917131706,0.0013641147462800103,0.0006919464826679056,0.0028808614311035675
symbol,QQQ,us,198,0.18182471289278965,0.1839059240720447,0.002081211179255078,-0.00023646439619247488,0.0041158940251803475
symbol,TSM,us,198,0.15701312440323714,0.16012838046864497,0.003115256065407815,0.0009161737436029233,0.006005536735967793
symbol,2330,taiwan,191,0.1420074757484492,0.1406789735608772,-0.0013285021875720229,-0.00546981283874373,0.0027653051871061336
symbol,2317,taiwan,191,0.16122943744734775,0.1683804993645225,0.007151061917174733,-0.00016531585722961032,0.014103256097127473
symbol,2454,taiwan,123,0.15692855715441897,0.15548481805938025,-0.0014437390950387194,-0.0026879973059652667,-0.0006998773060953252
scope,overall,all,202,0.16596022401950786,0.1678940424238591,0.0019338184043512629,0.0010117372274712623,0.0032456959441933666
scope,us,us,198,0.1736013830219681,0.17553178768691238,0.001930404664944285,0.0007582507629395653,0.0034437085284702274
scope,taiwan,taiwan,191,0.1569994889815058,0.15913064882245645,0.0021311598409506356,-0.0010763065499363779,0.005598350553549479
