symbol,market,model,n_overlap,max_abs_diff
GOOGL,us,har,198,1.5543122344752192e-15
GOOGL,us,garch,198,1.5543122344752192e-15
GOOGL,us,harq,198,1.3322676295501878e-15
GOOGL,us,ewma,198,1.5543122344752192e-15
GOOGL,us,naive,198,1.1102230246251565e-15
NVDA,us,har,198,4.440892098500626e-16
NVDA,us,garch,198,4.440892098500626e-16
NVDA,us,harq,198,4.440892098500626e-16
NVDA,us,ewma,198,4.440892098500626e-16
NVDA,us,naive,198,8.881784197001252e-16
QQQ,us,har,198,1.1102230246251565e-15
QQQ,us,garch,198,1.3322676295501878e-15
QQQ,us,harq,198,8.881784197001252e-16
QQQ,us,ewma,198,1.3322676295501878e-15
QQQ,us,naive,198,1.7763568394002505e-15
TSM,us,har,198,8.881784197001252e-16
TSM,us,garch,198,4.440892098500626e-16
TSM,us,harq,198,4.440892098500626e-16
TSM,us,ewma,198,4.440892098500626e-16
TSM,us,naive,198,8.881784197001252e-16
2330,taiwan,har,191,6.661338147750939e-16
2330,taiwan,garch,191,8.881784197001252e-16
2330,taiwan,harq,191,6.661338147750939e-16
2330,taiwan,ewma,191,6.661338147750939e-16
2330,taiwan,naive,191,6.661338147750939e-16
2317,taiwan,har,191,1.5543122344752192e-15
2317,taiwan,garch,191,1.1102230246251565e-15
2317,taiwan,harq,191,1.5543122344752192e-15
2317,taiwan,ewma,191,1.3322676295501878e-15
2317,taiwan,naive,191,1.3322676295501878e-15
2454,taiwan,har,123,4.440892098500626e-16
2454,taiwan,garch,123,8.881784197001252e-16
2454,taiwan,harq,123,4.440892098500626e-16
2454,taiwan,ewma,123,6.661338147750939e-16
2454,taiwan,naive,123,8.881784197001252e-16
