kind,name,market,n,global_qlike,market_qlike,partial_qlike,market_minus_global,market_global_ci_025,market_global_ci_975,partial_minus_global,partial_global_ci_025,partial_global_ci_975,partial_minus_market,partial_market_ci_025,partial_market_ci_975
symbol,GOOGL,us,183,0.13973976312040434,0.14192860852079353,0.14193188011510896,0.002188845400389204,-0.0014940872646305777,0.009768947053426569,0.0021921169947046195,-0.001493925514621236,0.009780532484298006,3.2715943154158394e-06,-4.3236876079779074e-07,1.1391409907903244e-05
symbol,NVDA,us,183,0.06118244214410845,0.062425611025217174,0.06242749972577726,0.00124316888110874,-0.0009108592165796602,0.002990956223577605,0.0012450575816688333,-0.0009102742281439444,0.00299351204264274,1.8887005600932201e-06,2.038063035398594e-07,3.823778719496085e-06
symbol,QQQ,us,183,0.15885948945959133,0.1590744404205969,0.15907694785572005,0.00021495096100561907,-0.005138212927832369,0.004843710058012606,0.00021745839612877254,-0.005137636376110832,0.004848994993307516,2.5074351231534603e-06,-1.2374252332895196e-06,7.980076148989622e-06
symbol,TSM,us,183,0.08441078405386883,0.08769877509011399,0.08770294761818126,0.0032879910362451736,0.0009177562329051236,0.00729979719827504,0.0032921635643124473,0.0009198088299049543,0.0073091205999472365,4.172528067273798e-06,1.4125742869768055e-06,9.147010007966253e-06
symbol,2330,taiwan,176,0.08682335941808457,0.08531210793591609,0.08531218027599405,-0.0015112514821684644,-0.007606610886452129,0.0008993723091333558,-0.00151117914209051,-0.007604584397296626,0.0008982666444228574,7.23400779543844e-08,-8.505817153545147e-07,2.028695949106618e-06
symbol,2317,taiwan,176,0.1582949462163625,0.16773945426740314,0.16773380865675433,0.009444508051040627,0.0015748321897609944,0.014672451512486966,0.009438862440391806,0.0015732444235915495,0.014661397749155236,-5.645610648823003e-06,-9.82773270015819e-06,-1.6370412349699317e-06
symbol,2454,taiwan,81,0.09662449418379791,0.09871806989990474,0.09871628012973764,0.0020935757161068195,-0.005666270038586038,0.009705310458059195,0.0020917859459397225,-0.005662697419152182,0.009698249829227939,-1.7897701670970898e-06,-6.972427842036161e-06,3.6324246055978498e-06
scope,overall,all,186,0.11295781245610373,0.11527766798496014,0.11527858716957706,0.002319855528856414,0.0002817922685707839,0.003545721017466721,0.002320774713473325,0.0002834381762874595,0.0035467439920932333,9.191846169108662e-07,-8.00096912406845e-08,3.3310369743276442e-06
scope,us,us,183,0.11104811969449321,0.11278185876418041,0.1127848188286969,0.001733739069687184,4.3714567062762065e-05,0.004439020912315789,0.001736699134203668,4.5802598274790236e-05,0.0044441177735982254,2.9600645164840796e-06,1.8217092441041329e-06,5.733167390073274e-06
scope,taiwan,taiwan,176,0.11891738395440904,0.1221342452241835,0.1221318839027048,0.0032168612697744455,-0.002761310529019918,0.005240656712389826,0.0032144999482957657,-0.002761427514209108,0.005236545916938405,-2.3613214786796943e-06,-3.90540433076225e-06,1.5935733015201803e-07
