scope,comparison,n_dates,mean_delta,ci_025,ci_975
overall,har_minus_global,202,-0.013993492431796848,-0.04448393737539807,0.0031295548174989406
overall,garch_minus_global,202,0.008681135712575023,-0.008143274110358114,0.02606343489313537
overall,har_minus_garch,202,-0.022674628144371867,-0.053312860104927126,-0.006911117398834329
overall,harq_minus_har,202,0.0005063062495656431,-0.0003827253951802609,0.0017756467167261269
overall,ewma_minus_har,202,0.012462379606826335,8.14329219168687e-05,0.03409387643605073
overall,naive_minus_har,202,0.0668280934238165,0.03799651025836206,0.11186606749584829
us,har_minus_global,198,-0.023861433650624077,-0.05496059684130665,-0.0028987046017853145
us,garch_minus_global,198,-0.01476031531292719,-0.03875451208139822,0.006470520899116567
us,har_minus_garch,198,-0.009101118337696881,-0.03149515098755841,0.0071850410243453474
us,harq_minus_har,198,0.00012147064875334263,-0.0011791181462876771,0.0014452515325220135
us,ewma_minus_har,198,0.01318105121802924,-0.0034173362255480624,0.03530652273437458
us,naive_minus_har,198,0.09472830488818182,0.05207137367263229,0.1512216932643109
taiwan,har_minus_global,191,0.0008763077681744967,-0.052041184544535136,0.03503769761751026
taiwan,garch_minus_global,191,0.04159692502349387,0.01689300549711396,0.07376715314112788
taiwan,har_minus_garch,191,-0.040720617255319384,-0.10873930385251106,0.00159225976311035
taiwan,harq_minus_har,191,0.0012977713807142605,-0.00014629883667729155,0.0035089772978234264
taiwan,ewma_minus_har,191,0.010862279871660795,-0.011496881416136556,0.053458838041394396
taiwan,naive_minus_har,191,0.023306279740915738,-0.020795733252518774,0.08519787094988508
