kind,name,market,n,level_qlike,log_qlike,log_minus_level,ci_025,ci_975
symbol,GOOGL,us,198,0.18460212828380376,0.20906876487986953,0.024466636596065766,-0.023944699126346457,0.0862297914606195
symbol,NVDA,us,198,0.14528797164153626,0.09270226882491787,-0.05258570281661838,-0.0870140514826562,-0.011289033460665386
symbol,QQQ,us,198,0.14287561362386894,0.16796897159507132,0.025093357971202362,-0.01505560570323371,0.08533608233242768
symbol,TSM,us,198,0.12619408393616693,0.141894257937018,0.015700174000851053,-0.0026283046365796338,0.04956349968769108
symbol,2330,taiwan,191,0.1548432814070615,0.13741606541614237,-0.01742721599091909,-0.05278898918930312,0.02849635187315276
symbol,2317,taiwan,191,0.15458839886568243,0.14407305345394986,-0.01051534541173258,-0.03852328056092331,0.03315377600594259
symbol,2454,taiwan,123,0.14626486598256408,0.16573133438279028,0.019466468400226193,0.001290007347409532,0.0465454569699543
scope,overall,all,202,0.1519667315877109,0.15199209986013854,2.5368272427598667e-05,-0.018213658839272052,0.029103599322088527
scope,us,us,198,0.14973994937134397,0.1529085658092192,0.0031686164378751987,-0.016696853200580907,0.03626912802061814
scope,taiwan,taiwan,191,0.15787579674968014,0.1508459817848415,-0.007029814964838679,-0.030873586060850427,0.027519021553295706
